{
    "best_model": "HistGradientBoosting",
    "best_params": {
        "learning_rate": 0.1,
        "max_depth": 6,
        "min_samples_leaf": 20
    },
    "metrics": {
        "accuracy": 0.9038888888888889,
        "f1": 0.7981330221703618,
        "roc_auc": 0.9260538666188383,
        "pr_auc": 0.8714698781389206
    },
    "feature_importance": {
        "feature": {
            "15": "f16",
            "0": "f01",
            "6": "f07",
            "29": "f30",
            "7": "f08",
            "22": "f23",
            "14": "f15",
            "17": "f18",
            "18": "f19",
            "33": "f34",
            "4": "f05",
            "11": "f12",
            "28": "f29",
            "8": "f09",
            "1": "f02"
        },
        "importance": {
            "15": 0.18551817521156486,
            "0": 0.06714326159422382,
            "6": 0.04099965810447144,
            "29": 0.03727097503428001,
            "7": 0.029882231845875372,
            "22": 0.027587054630091458,
            "14": 0.026240587328437415,
            "17": 0.021634588246143192,
            "18": 0.021270731598834258,
            "33": 0.019832372795654484,
            "4": 0.015998847062041945,
            "11": 0.015223448233317772,
            "28": 0.015132163917501296,
            "8": 0.014319290525753592,
            "1": 0.013996217088442797
        },
        "std": {
            "15": 0.006839817267915828,
            "0": 0.003372217547344021,
            "6": 0.002652421777651023,
            "29": 0.0033854135504050374,
            "7": 0.0027154716304968536,
            "22": 0.0034557707201392147,
            "14": 0.0018961308923656755,
            "17": 0.0015957396241018287,
            "18": 0.002682581107682343,
            "33": 0.001439496997049051,
            "4": 0.001667804581268528,
            "11": 0.0013261725358445044,
            "28": 0.002626917408965018,
            "8": 0.0018007460227374653,
            "1": 0.002172931432175646
        }
    }
}