{
    "DummyClassifier": {
        "accuracy": 0.7375,
        "f1": 0.0,
        "roc_auc": 0.5
    },
    "LogisticRegression": {
        "accuracy": 0.7822222222222223,
        "f1": 0.5322195704057279,
        "roc_auc": 0.759932641815881,
        "pr_auc": 0.5979506261088005
    },
    "DecisionTree": {
        "accuracy": 0.8288888888888889,
        "f1": 0.619283065512979,
        "roc_auc": 0.8287615460496818,
        "pr_auc": 0.69728705728091
    },
    "RandomForest": {
        "accuracy": 0.8905555555555555,
        "f1": 0.7555831265508685,
        "roc_auc": 0.9261519146264909,
        "pr_auc": 0.8621888291748808
    },
    "HistGradientBoosting": {
        "accuracy": 0.9038888888888889,
        "f1": 0.7981330221703618,
        "roc_auc": 0.9260538666188383,
        "pr_auc": 0.8714698781389206
    }
}