loss,val_loss
0.5053977636580772,0.26584959243025097
0.17516644647780885,0.20961857906409673
0.1582663816974518,0.24183022337300436
0.15017435350950728,0.21084005598511016
0.14689094890305338,0.19244713655539922
0.1435963773822531,0.21609387972525188
0.12472506069598045,0.17604522690886543
0.11305480054084291,0.1652415997925259
0.1106515755837268,0.1502967487488474
0.10811321889149382,0.1548483066615604
