value,count,share
Moscow,11,0.4583333333333333
Saint Petersburg,3,0.125
Almaty,3,0.125
Minsk,3,0.125
Kyiv,2,0.08333333333333333
Astana,2,0.08333333333333333
