{
    "dataset_01": {
        "KMeans": {
            "silhouette": 0.5216395622404242,
            "davies_bouldin": 0.6853295219054456,
            "calinski_harabasz": 11786.954622671532,
            "noise_ratio": 0.0
        }
    },
    "dataset_02": {
        "DBSCAN": {
            "silhouette": 0.3488325191616975,
            "davies_bouldin": 0.8199994994593429,
            "calinski_harabasz": 133.19554590550894,
            "noise_ratio": 0.0505
        }
    },
    "dataset_03": {
        "KMeans": {
            "silhouette": 0.3155447003782518,
            "davies_bouldin": 1.1577256320598661,
            "calinski_harabasz": 6957.162639510167,
            "noise_ratio": 0.0
        }
    }
}