experiment_id,dataset,seed,model_summary,optimizer,lr,momentum,weight_decay,epochs_trained,best_val_accuracy,best_val_loss
E1,EMNIST,42,"[512, 256, 128]/ReLU/DPFalse/BNFalse",Adam,0.001,0.0,0.0,20,0.849290780141844,0.47163408343673596
E2,EMNIST,42,"[512, 256, 128]/ReLU/DPTrue/BNFalse",Adam,0.001,0.0,0.0,20,0.8564716312056737,0.4276060736348443
E3,EMNIST,42,"[512, 256, 128]/ReLU/DPFalse/BNTrue",Adam,0.001,0.0,0.0,20,0.8556737588652482,0.4377769151055221
E4,EMNIST,42,"[512, 256, 128]/ReLU/DPTrue/BNFalse",Adam,0.001,0.0,0.0,20,0.85625,0.4305726877341034
O1,EMNIST,42,"[512, 256, 128]/ReLU/DPFalse/BNFalse",Adam,0.1,0.0,0.0,8,0.041622340425531916,3.679950764162321
O2,EMNIST,42,"[512, 256, 128]/ReLU/DPFalse/BNFalse",Adam,1e-05,0.0,0.0,8,0.5759751773049645,1.5394152621005444
O3,EMNIST,42,"[512, 256, 128]/ReLU/DPFalse/BNFalse",SGD,0.01,0.9,0.0001,15,0.8457446808510638,0.4652426040341668
